[
    {
        "firstName": "Abbot",
        "lastName": "Webster",
        "phoneNo": "(395) 187-5911",
        "lastVisitDate": "27/01/2015",
        "Status": "InActive"
    },
    {
        "firstName": "Castor",
        "lastName": "Pruitt",
        "phoneNo": "(133) 855-5616",
        "lastVisitDate": "17/11/2012",
        "Status": "InActive"
    },
    {
        "firstName": "Stephanie",
        "lastName": "Benson",
        "phoneNo": "(489) 171-6336",
        "lastVisitDate": "09/03/2014",
        "Status": "Active"
    },
    {
        "firstName": "Omar",
        "lastName": "Willis",
        "phoneNo": "(717) 765-0357",
        "lastVisitDate": "12/12/2011",
        "Status": "Active"
    },
    {
        "firstName": "Sarah",
        "lastName": "Nielsen",
        "phoneNo": "(107) 907-0237",
        "lastVisitDate": "05/01/2015",
        "Status": "Active"
    },
    {
        "firstName": "Kibo",
        "lastName": "Mclaughlin",
        "phoneNo": "(426) 978-3295",
        "lastVisitDate": "13/07/2012",
        "Status": "InActive"
    },
    {
        "firstName": "Carissa",
        "lastName": "Carson",
        "phoneNo": "(301) 204-2097",
        "lastVisitDate": "19/08/2014",
        "Status": "Active"
    },
    {
        "firstName": "Zara",
        "lastName": "Carlo",
        "phoneNo": "(647) 758-1525",
        "lastVisitDate": "05/02/2013",
        "Status": "InActive"
    }
]